id1,name1,age1,id12,id13,id21,name2,age2,id31,name3,age3
0,GTP,46,87,37,87,yXt,39,37,TOU,50
12,GTP,46,87,67,87,yXt,39,67,YvV,30
1,zZp,20,31,62,31,hbh,24,62,obp,39
2,bcw,43,43,81,43,Vdl,50,81,aDZ,43
3,Jao,31,13,54,13,ZEa,28,54,BkL,27
42,MZD,26,13,66,13,ZEa,28,66,YRG,24
4,JYY,29,46,4,46,TtH,38,4,hsj,36
5,EvP,46,9,6,9,Vdl,35,6,wOD,30
6,tkA,20,54,49,54,ieg,50,49,Haq,42
7,JSI,47,29,69,29,hbh,38,69,Wny,24
8,ZoL,43,53,44,53,Vdl,50,44,Svg,22
9,NHX,28,72,21,72,TtH,33,21,fjB,25
10,wFd,23,7,15,7,VQK,35,15,tmd,47
11,wFd,48,81,35,81,QJT,35,35,fNs,41
13,zri,41,76,42,76,QJT,38,42,WKc,41
14,mTL,32,23,95,23,ieg,33,95,szY,24
15,Wuk,37,32,9,32,rdJ,29,9,Svg,24
16,Wuk,42,92,96,92,WyC,24,96,vKq,35
17,WSo,31,59,31,59,xGc,29,31,Inc,42
18,Vtd,41,74,76,74,mnk,24,76,vKq,40
19,jiz,47,1,59,1,TtH,38,59,ikw,42
20,ZHC,32,52,30,52,FEH,24,30,obp,26
21,UNc,29,68,79,68,TtH,38,79,SbJ,27
22,Eal,28,55,27,55,tCy,28,27,vKq,49
23,Haz,31,78,51,78,RQB,38,51,xYq,25
24,uOE,23,10,7,10,mnk,50,7,EBa,36
25,BlB,25,26,38,26,Vdl,44,38,moZ,25
29,BlB,29,56,38,56,tCy,39,38,moZ,25
26,QfW,35,34,26,34,FEH,24,26,pTy,45
27,Vtd,31,63,45,63,ZEa,29,45,qlo,42
28,qxY,31,70,25,70,hbh,33,25,hsj,20
30,tbK,36,86,77,86,rdJ,46,77,Jcf,36
31,mAm,34,91,74,91,Vdl,50,74,aDZ,36
32,hzE,21,17,8,17,hbh,50,8,SbJ,44
33,EvP,42,30,23,30,WyC,29,23,Mzs,24
34,tha,45,50,36,50,rdJ,42,36,Svg,45
35,RfA,44,88,13,88,yXt,50,13,TOU,50
36,jmX,28,36,58,36,FEH,46,58,qOJ,44
37,kBl,30,49,68,49,RQB,38,68,jXz,38
38,Mpz,50,18,39,18,xGc,35,39,rHZ,24
39,Wuk,40,33,92,33,rdJ,44,92,Inc,24
51,eLC,37,20,92,20,tCy,21,92,Inc,24
40,bwA,23,64,64,64,cxz,38,64,wOD,43
63,bwA,32,64,46,64,cxz,38,46,BkL,25
41,wDY,40,58,5,58,vZf,29,5,hsj,44
43,Llh,40,15,33,15,ZEa,50,33,kqP,42
44,njR,38,5,32,5,mnk,38,32,Wny,44
45,kmN,39,71,50,71,hbh,37,50,THL,42
90,kBl,29,71,87,71,hbh,37,87,vav,40
46,wrt,25,51,56,51,tCy,44,56,wfq,49
47,mNo,36,57,61,57,vZf,24,61,oXQ,24
48,bDV,50,61,90,61,RQB,24,90,ftk,22
49,Fij,40,19,91,19,cxz,33,91,wfq,29
50,Llh,43,62,75,62,TtH,21,75,pTy,24
52,hzE,24,4,47,4,QyS,44,47,SbJ,42
53,tkA,49,21,83,21,WyC,24,83,jXz,40
54,erE,25,0,10,0,RQB,42,10,xXS,29
55,jmX,31,80,93,80,FEH,24,93,oXQ,39
56,xkd,37,60,80,60,xGc,38,80,YvV,33
57,dSJ,43,25,18,25,VQK,38,18,ubB,44
58,mTL,24,83,60,83,TtH,35,60,obp,35
59,WSo,38,90,78,90,RQB,46,78,SbJ,24
60,Jao,27,14,57,14,ZEa,29,57,fNs,37
61,fWi,29,75,89,75,mnk,29,89,YRG,24
62,NHX,26,24,22,24,PLX,33,22,TOU,30
64,Jao,38,28,82,28,ZEa,28,82,fNs,23
65,IdA,42,16,24,16,cxz,21,24,Svg,41
66,tha,30,69,3,69,VQK,50,3,iQw,43
67,MZD,21,84,65,84,ZEa,38,65,ikw,42
68,GNi,31,93,53,93,yXt,46,53,iRh,49
69,IdA,47,85,11,85,cxz,33,11,xXS,49
70,MZz,42,40,19,40,mnk,28,19,Bqm,25
72,njR,33,40,52,40,mnk,28,52,vKq,47
71,MZD,21,12,70,12,Vdl,38,70,AfC,30
73,wOF,26,38,28,38,Vdl,24,28,MYX,29
74,Vtd,29,65,71,65,hbh,50,71,AfC,44
75,EDK,47,42,48,42,PLX,39,48,WKc,36
76,fuB,28,2,2,2,VQK,42,2,YRG,41
94,NHX,42,2,85,2,VQK,42,85,moZ,41
77,wOF,41,45,86,45,vZf,46,86,ubB,47
78,kBl,33,22,34,22,hbh,33,34,Haq,42
79,tkA,33,35,41,35,FEH,28,41,szY,44
80,MiD,34,66,40,66,yXt,35,40,szY,24
81,wOF,22,6,97,6,TtH,44,97,wRK,47
82,PdT,28,3,88,3,QyS,38,88,THL,42
83,RfA,36,79,73,79,WyC,29,73,YRG,24
84,UFx,21,73,1,73,WyC,29,1,YRG,39
85,ZoL,38,11,20,11,RQB,50,20,Haq,20
86,fvE,22,44,29,44,ieg,42,29,xXS,49
87,JSI,47,27,94,27,WyC,21,94,kqP,26
88,bwA,30,48,12,48,cxz,50,12,JnE,41
89,tbK,40,47,43,47,cxz,38,43,Haq,49
91,jmX,44,37,17,37,TtH,46,17,ubB,43
92,MZz,44,82,16,82,RQB,39,16,Inc,24
93,Fij,37,89,63,89,FEH,24,63,wfq,24
95,ySf,42,39,14,39,QyS,29,14,ftk,41
96,MZz,36,41,55,41,mnk,39,55,cDz,41
97,zri,43,77,0,77,QyS,39,0,Mzs,44
98,ZoL,25,8,72,8,Vdl,24,72,Svg,22
99,wFd,21,67,84,67,QyS,35,84,YvV,25
